model,display_model,cases,exact_matches,accuracy,total_score,mean_score,valid_json_rate,mean_aligned_cell_accuracy,row_count_match_rate,total_wall_s,mean_gen_tps,mean_gpu_share,exact,row_count_mismatch,order_only,same_count_wrong_values,type_only,column_error,invalid_json_or_error
gemma4-31b-64:latest,Gemma 31B 64k,8,2,0.25,2.0,0.25,1.0,0.8585069444444444,0.875,313.52336365701194,3.632828741243261,0.42636532965871177,2,1,0,5,0,0,0
gemma4-31b-256:latest,Gemma 31B 256k,8,2,0.25,2.0,0.25,1.0,0.8585069444444444,0.875,333.81190722801693,3.182355042657416,0.2768423449824391,2,1,0,5,0,0,0
gemma4-26b-64:latest,Gemma 26B 64k,8,1,0.125,1.0,0.125,1.0,0.5607142857142857,0.625,82.0748758459813,15.687747843298636,0.5448262419969627,1,3,0,4,0,0,0
gemma4-26b-256:latest,Gemma 26B 256k,8,1,0.125,1.0,0.125,1.0,0.5568080357142857,0.625,97.94561437099401,14.16035995034676,0.47467340199378777,1,3,0,4,0,0,0
qwen36-64:latest,Qwen 36B 64k,8,0,0.0,0.0,0.0,1.0,0.5975694444444445,0.5,181.7966976950047,10.34149529707439,0.4128616137413557,0,4,0,4,0,0,0
qwen36-256:latest,Qwen 36B 256k,8,0,0.0,0.0,0.0,1.0,0.5751736111111111,0.375,200.7547750670019,9.11144491653826,0.3501678692721007,0,5,0,3,0,0,0
qwen3-coder-30b-256:latest,Qwen Coder 30B 256k,8,0,0.0,0.0,0.0,1.0,0.5322222222222223,0.375,98.29186640000262,13.432058475753982,0.32700680987846764,0,5,0,3,0,0,0
qwen3-coder-30b-64:latest,Qwen Coder 30B 64k,8,0,0.0,0.0,0.0,1.0,0.4215277777777778,0.375,76.52050520099874,16.573178180124543,0.5052240660612187,0,5,0,3,0,0,0
phi4-mini-128:latest,Phi4 Mini 128k,8,0,0.0,0.0,0.0,1.0,0.25124007936507936,0.25,63.5640375979965,20.212894275591324,0.7305763967664612,0,6,0,2,0,0,0
