model,display_model,cases,exact_matches,accuracy,valid_json_rate,mean_aligned_cell_accuracy,row_count_match_rate,total_wall_s,mean_gen_tps,mean_gpu_share,exact,row_count_mismatch,order_only,same_count_wrong_values,type_only,column_error,invalid_json_or_error
gemma4-31b-64:latest,Gemma 31B 64k,8,4,0.5,1.0,0.8387896825396826,0.875,343.9920999299866,3.668124847262213,0.42636532965871177,4,1,0,3,0,0,0
gemma4-31b-256:latest,Gemma 31B 256k,8,4,0.5,1.0,0.8387896825396826,0.875,371.44876272100373,3.246456861943912,0.2768423449824391,4,1,0,3,0,0,0
qwen36-256:latest,Qwen 36B 256k,8,2,0.25,1.0,0.6186342592592593,0.625,233.61484262200975,8.904255560177152,0.3501678692721007,2,3,0,3,0,0,0
gemma4-26b-256:latest,Gemma 26B 256k,8,2,0.25,1.0,0.5887896825396826,0.5,87.94139986699884,14.848400574432937,0.47467340199378777,2,4,0,2,0,0,0
gemma4-26b-64:latest,Gemma 26B 64k,8,2,0.25,1.0,0.5723124098124098,0.5,78.73857469501672,16.411215899994342,0.5448262419969627,2,4,0,2,0,0,0
qwen36-64:latest,Qwen 36B 64k,8,1,0.125,1.0,0.5635416666666667,0.375,206.2178913889984,10.282917813113212,0.4128616137413557,1,5,0,2,0,0,0
qwen3-coder-30b-256:latest,Qwen Coder 30B 256k,8,0,0.0,1.0,0.4697503306878307,0.375,98.47858089500369,14.487007240588529,0.32700680987846764,0,5,0,3,0,0,0
qwen3-coder-30b-64:latest,Qwen Coder 30B 64k,8,0,0.0,1.0,0.4674189814814815,0.375,82.86165020499175,17.179622827362298,0.5052240660612187,0,5,0,3,0,0,0
phi4-mini-128:latest,Phi4 Mini 128k,8,0,0.0,1.0,0.31981209150326795,0.25,90.53302794200135,19.24998653420494,0.7305763967664612,0,6,0,2,0,0,0
