model,display_model,cases,exact_matches,accuracy,total_score,mean_score,valid_json_rate,mean_aligned_cell_accuracy,row_count_match_rate,total_wall_s,mean_gen_tps,mean_gpu_share,exact,row_count_mismatch,order_only,same_count_wrong_values,type_only,column_error,invalid_json_or_error
gemma4-31b-256:latest,Gemma 31B 256k,8,0,0.0,0.0,0.0,1.0,0.48159722222222223,1.0,682.8843428819891,3.157972551207684,0.2768423449824391,0,0,0,8,0,0,0
gemma4-31b-64:latest,Gemma 31B 64k,8,0,0.0,0.0,0.0,1.0,0.4353174603174603,0.875,642.1173390789991,3.4098921672487528,0.42636532965871177,0,1,0,7,0,0,0
qwen36-64:latest,Qwen 36B 64k,8,0,0.0,0.0,0.0,1.0,0.3472883597883598,0.75,236.58726844999546,11.046267136388648,0.4128616137413557,0,2,0,6,0,0,0
gemma4-26b-64:latest,Gemma 26B 64k,8,0,0.0,0.0,0.0,1.0,0.33398809523809525,0.5,110.55679501499253,15.264797488431917,0.5448262419969627,0,4,0,4,0,0,0
gemma4-26b-256:latest,Gemma 26B 256k,8,0,0.0,0.0,0.0,1.0,0.3332936507936508,0.5,121.69407835201127,14.782686791256019,0.47467340199378777,0,4,0,4,0,0,0
qwen36-256:latest,Qwen 36B 256k,8,0,0.0,0.0,0.0,1.0,0.32065145502645503,0.625,297.8528726259974,9.041653180250703,0.3501678692721007,0,3,0,5,0,0,0
qwen3-coder-30b-256:latest,Qwen Coder 30B 256k,8,0,0.0,0.0,0.0,1.0,0.3072420634920635,0.625,164.35213553198264,12.66451479451499,0.32700680987846764,0,3,0,5,0,0,0
qwen3-coder-30b-64:latest,Qwen Coder 30B 64k,8,0,0.0,0.0,0.0,1.0,0.30539021164021163,0.625,137.59604931500508,15.221035095324613,0.5052240660612187,0,3,0,5,0,0,0
phi4-mini-128:latest,Phi4 Mini 128k,8,0,0.0,0.0,0.0,1.0,0.10409722222222222,0.125,57.317933923000965,19.723627433864188,0.7305763967664612,0,7,0,1,0,0,0
