accuracy,cases,client_wall_s_total,exact_match_rate,exact_matches,max_score,mean_gen_tps,mean_gpu_util_pct_avg,mean_ollama_cpu_avg,mean_prompt_tps,mean_ps_loaded_gib,mean_ps_vram_gib,mean_system_cpu_avg,model,score,server_eval_tokens_total,server_prompt_tokens_total,server_total_s_total,valid_json_cases,valid_json_rate
0.125,40,544.7162260010045,0.125,5,40.0,14.837273381858045,0.0,0.0,614.9599189920967,22.91333743929863,10.876351833343506,64.85860428938392,gemma4-26b-256:latest,5.0,6346,46643,544.072223642,40,1.0
0.125,40,447.13808141696063,0.125,5,40.0,15.741668954703744,0.0,0.0,746.4032168957064,19.253195583820343,10.489646196365356,63.97752520980481,gemma4-26b-64:latest,5.0,5537,46643,446.497341167,40,1.0
0.225,40,2556.1804058479975,0.225,9,40.0,3.158779377425863,0.0,0.0,254.07334063153513,36.24829858541489,10.035063982009888,76.08899295767287,gemma4-31b-256:latest,9.0,7286,46643,2555.077471042,40,1.0
0.225,40,2317.766639451991,0.225,9,40.0,3.5503311538536826,0.0,0.0,300.80860318650076,25.420200675725937,10.838292241096497,69.17637426110147,gemma4-31b-64:latest,9.0,7444,46643,2316.672796094,40,1.0
0.0,40,377.87212860799264,0.0,0,40.0,19.65135669561438,0.0,0.0,1929.7126256095994,14.313054084777832,10.456779479980469,47.50606959360084,phi4-mini-128:latest,0.0,4638,37924,377.443417173,40,1.0
0.0,40,649.927460292005,0.0,0,40.0,13.363366878512323,0.0,0.0,416.5809024080183,31.638535022735596,10.34601640701294,65.67606081961625,qwen3-coder-30b-256:latest,0.0,6573,40987,648.942648506,40,1.0
0.025,40,517.9662599150106,0.025,1,40.0,16.283892352692895,0.0,0.0,519.4582491879205,21.09313702583313,10.656760454177856,64.0060808041951,qwen3-coder-30b-64:latest,1.0,6561,40987,517.28401908,40,1.0
0.075,40,1218.0275276690008,0.075,3,40.0,9.164395246926428,0.0,0.0,248.05793421519655,31.244134336709976,10.940691947937012,63.56402170684895,qwen36-256:latest,3.0,9127,42368,1217.248372987,40,1.0
0.05,40,1024.421156305998,0.05,2,40.0,10.89273141090844,0.0,0.0,279.7272769847421,26.45080080628395,10.920520305633545,63.138890592198756,qwen36-64:latest,2.0,8958,42368,1023.5961349,40,1.0
