pass,pass_label,attempts,exact_attempts,exact_attempt_rate,queries_with_any_exact,exact_zero_queries,mean_score,mean_aligned_cell_accuracy,mean_row_set_correctness,mean_numeric_correctness,mean_sort_correctness,dominant_failure_mode,row_count_mismatch,same_count_wrong_values,exact,order_only,type_only,column_error
1,Pass 1,390,51,0.13076923076923078,5,5,0.7607192205942206,0.6017857142857143,0.8637454212454212,0.639202787952788,0.6854283679283679,same_count_wrong_values,151,173,51,6,9,0
2,Pass 2,390,32,0.08205128205128205,4,6,0.6377677816822553,0.5020436560176628,0.7419353672643146,0.5563960113960114,0.4994064731564732,row_count_mismatch,216,137,32,3,0,2
3,Pass 3,390,16,0.041025641025641026,3,7,0.5918729454306377,0.48415588115588115,0.7025960364421903,0.5353205128205129,0.5383554052784822,same_count_wrong_values,169,202,16,0,0,3
4,Pass 4,390,3,0.007692307692307693,1,9,0.516433781033781,0.3411050061050061,0.6315313390313391,0.49025783475783474,0.41795380545380545,row_count_mismatch,222,165,3,0,0,0
5,Pass 5,390,0,0,0,10,0.547939842991766,0.26404284983772164,0.7568478601170909,0.19138675213675213,0.5604994364609749,row_count_mismatch,207,183,0,0,0,0
