model,display_model,cases,exact_matches,accuracy,valid_json_rate,mean_aligned_cell_accuracy,row_count_match_rate,total_wall_s,mean_gen_tps,mean_gpu_share,exact,row_count_mismatch,order_only,same_count_wrong_values,type_only,column_error,invalid_json_or_error
gemma4-31b-64:latest,Gemma 31B 64k,8,3,0.375,1.0,0.71953125,0.75,370.3913305629976,3.4835200249645304,0.42636532965871177,3,2,0,3,0,0,0
gemma4-31b-256:latest,Gemma 31B 256k,8,3,0.375,1.0,0.71953125,0.75,428.48570415798895,3.0893715019840546,0.2768423449824391,3,2,0,3,0,0,0
gemma4-26b-256:latest,Gemma 26B 256k,8,2,0.25,1.0,0.6090277777777778,0.5,89.64567139300561,15.355279680123974,0.47467340199378777,2,4,1,1,0,0,0
gemma4-26b-64:latest,Gemma 26B 64k,8,2,0.25,1.0,0.6006944444444444,0.5,81.23847269398539,15.159565368823705,0.5448262419969627,2,4,1,1,0,0,0
qwen3-coder-30b-64:latest,Qwen Coder 30B 64k,8,1,0.125,1.0,0.6114583333333333,0.5,93.67137353800354,17.344954600801607,0.5052240660612187,1,4,0,3,0,0,0
qwen36-64:latest,Qwen 36B 64k,8,1,0.125,1.0,0.6079861111111111,0.625,168.8099103520035,11.856833620882105,0.4128616137413557,1,3,0,4,0,0,0
qwen36-256:latest,Qwen 36B 256k,8,1,0.125,1.0,0.5652777777777778,0.625,204.63780677699833,9.44641918991847,0.3501678692721007,1,3,0,4,0,0,0
qwen3-coder-30b-256:latest,Qwen Coder 30B 256k,8,0,0.0,1.0,0.5701388888888889,0.625,139.2935568430039,13.041810186063827,0.32700680987846764,0,3,0,4,1,0,0
phi4-mini-128:latest,Phi4 Mini 128k,8,0,0.0,1.0,0.332390873015873,0.25,85.70264828099607,19.285570791428405,0.7305763967664612,0,6,0,2,0,0,0
