model,display_model,cases,exact_matches,accuracy,total_score,mean_score,valid_json_rate,mean_aligned_cell_accuracy,row_count_match_rate,total_wall_s,mean_gen_tps,mean_gpu_share,exact,row_count_mismatch,order_only,same_count_wrong_values,type_only,column_error,invalid_json_or_error
gemma4-31b-64:latest,Gemma 31B 64k,8,0,0.0,0.0,0.0,1.0,0.4418402777777778,0.5,647.7425062229959,3.557289988549655,0.42636532965871177,0,4,0,4,0,0,0
gemma4-31b-256:latest,Gemma 31B 256k,8,0,0.0,0.0,0.0,1.0,0.4418402777777778,0.5,739.5496888589987,3.1177409293362497,0.2768423449824391,0,4,0,4,0,0,0
qwen36-256:latest,Qwen 36B 256k,8,0,0.0,0.0,0.0,1.0,0.4014384920634921,0.25,281.16723057699346,9.31820338774755,0.3501678692721007,0,6,0,2,0,0,0
gemma4-26b-256:latest,Gemma 26B 256k,8,0,0.0,0.0,0.0,1.0,0.37118055555555557,0.375,147.4894620179948,15.039639913130534,0.47467340199378777,0,5,0,3,0,0,0
qwen36-64:latest,Qwen 36B 64k,8,0,0.0,0.0,0.0,1.0,0.37003968253968256,0.375,231.00938841999596,10.936143187083845,0.4128616137413557,0,5,0,3,0,0,0
gemma4-26b-64:latest,Gemma 26B 64k,8,0,0.0,0.0,0.0,1.0,0.3390625,0.375,94.5293631669847,16.185018172970114,0.5448262419969627,0,5,0,3,0,0,0
qwen3-coder-30b-256:latest,Qwen Coder 30B 256k,8,0,0.0,0.0,0.0,1.0,0.29878472222222224,0.5,149.51132062201214,13.19144369564029,0.32700680987846764,0,4,0,4,0,0,0
qwen3-coder-30b-64:latest,Qwen Coder 30B 64k,8,0,0.0,0.0,0.0,1.0,0.29263392857142856,0.25,127.3166816560115,15.100671059851425,0.5052240660612187,0,6,0,2,0,0,0
phi4-mini-128:latest,Phi4 Mini 128k,8,0,0.0,0.0,0.0,1.0,0.13923611111111112,0.125,80.75448086399774,19.78470444298304,0.7305763967664612,0,7,0,1,0,0,0
